route_point,x,y
0,0.0,0.0
1,0,0
2,-0.002,-0.0402
3,0.1013,-0.0382
4,0.1827,-0.0361
5,0.2672,-0.036
6,0.3557,-0.036
7,0.429,-0.036
8,0.4904,-0.036
9,0.5367,-0.036
10,0.5757,-0.036
11,0.6184,-0.036
12,0.6626,-0.0341
13,0.7068,-0.0286
14,0.7501,-0.0207
15,0.8004,-0.0107
16,0.8549,0.0017
17,0.9091,0.0153
18,0.961,0.0309
19,1.0027,0.0471
20,1.0372,0.0618
21,1.0685,0.0777
22,1.1081,0.1061
23,1.1345,0.1371
24,1.1553,0.1703
25,1.1767,0.2063
26,1.1981,0.2415
27,1.2135,0.276
28,1.2224,0.3143
29,1.2093,0.3703
30,1.191,0.4468
31,1.1595,0.5736
32,1.1263,0.7077
33,1.1058,0.8064
34,1.0911,0.8866
35,1.0826,0.9502
36,1.0815,0.9862
37,1.0815,1.0246
38,1.1008,1.0598
39,1.1076,1.1011
40,1.1261,1.1315
41,1.1621,1.1115
42,1.2012,1.0996
43,1.2366,1.0909
44,1.2966,1.078
45,1.3401,1.0681
46,1.3875,1.0568
47,1.4434,1.0453
48,1.5019,1.0366
49,1.5582,1.0304
50,1.6166,1.0277
51,1.6737,1.0277
52,1.7229,1.0277
53,1.7695,1.0268
54,1.8142,1.0249
55,1.8556,1.0231
56,1.8935,1.0209
57,1.9529,1.0146
58,1.9919,1.0129
59,2.0266,1.0194
60,2.0134,1.0822
61,1.9911,1.1669
62,1.9545,1.3071
63,1.9068,1.4898
64,1.8496,1.7065
65,1.7874,1.9212
66,1.55,2.05
